{
  "model_version": "0.1.0",
  "architecture": "12_feature_normalizer_plus_5_linear_sigmoid_heads",
  "feature_names": [
    "eta_minutes",
    "ride_time_minutes",
    "walk_time_minutes",
    "walk_distance_meters",
    "transfer_count",
    "load_score",
    "history_flow_score",
    "congestion_score",
    "data_freshness_seconds",
    "monitored_score",
    "completeness_score",
    "avg_service_frequency_minutes"
  ],
  "score_names": [
    "time_score",
    "comfort_score",
    "walk_score",
    "transfer_score",
    "reliability_score"
  ],
  "mean": [
    6.66821682,
    42.48297872,
    4.58966565,
    367.17325228,
    0.74873354,
    97.0212766,
    45.0,
    58.7724924,
    60.0,
    92.17325228,
    73.89057751,
    11.00738771
  ],
  "std": [
    6.00389189,
    33.49796277,
    3.36782779,
    269.42622319,
    0.73945537,
    8.97156112,
    1.0,
    6.42737867,
    1.0,
    11.59356344,
    2.9771474,
    3.35305557
  ],
  "subscore_coefficients": [
    [
      -0.48547537,
      -0.83708464,
      -0.07000603,
      -0.07000603,
      -0.04710316,
      -0.00070051,
      0.0,
      0.02445627,
      0.0,
      -0.00125414,
      0.00282692,
      -0.1240013
    ],
    [
      -3.3e-06,
      1.24e-06,
      -0.0194185,
      -0.0194185,
      -0.04621673,
      0.22428075,
      0.0,
      0.09348449,
      0.0,
      0.01854595,
      0.0059577,
      1.366e-05
    ],
    [
      -0.0374447,
      1.828e-05,
      -0.33061677,
      -0.33061677,
      -0.04624594,
      -2.829e-05,
      0.0,
      4.293e-05,
      0.0,
      -4.379e-05,
      0.00604622,
      -0.00015525
    ],
    [
      1.27e-06,
      6.25e-06,
      -0.01403311,
      -0.01403311,
      -1.01671663,
      -1.3e-06,
      0.0,
      -2.11e-06,
      0.0,
      0.02315263,
      0.00747274,
      6.66e-06
    ],
    [
      0.01067881,
      0.03303644,
      0.00101425,
      0.00101425,
      -0.00230669,
      -0.00292484,
      0.0,
      0.03358046,
      0.0,
      0.41365913,
      0.19483768,
      0.00829484
    ]
  ],
  "subscore_bias": [
    0.13241099,
    0.41973386,
    0.81480606,
    0.12051978,
    -0.88318251
  ],
  "training_rows": 987,
  "loss": {
    "name": "mse_on_pseudo_score_logits",
    "value": 0.46205213
  }
}