{
  "model_version": "0.1.0",
  "architecture": "12_feature_normalizer_plus_5_linear_sigmoid_heads",
  "feature_names": [
    "eta_minutes",
    "ride_time_minutes",
    "walk_time_minutes",
    "walk_distance_meters",
    "transfer_count",
    "load_score",
    "history_flow_score",
    "congestion_score",
    "data_freshness_seconds",
    "monitored_score",
    "completeness_score",
    "avg_service_frequency_minutes"
  ],
  "score_names": [
    "time_score",
    "comfort_score",
    "walk_score",
    "transfer_score",
    "reliability_score"
  ],
  "mean": [
    6.66821682,
    42.48297872,
    4.58966565,
    367.17325228,
    0.74873354,
    97.0212766,
    45.0,
    58.32189463,
    60.0,
    92.17325228,
    73.89057751,
    11.00738771
  ],
  "std": [
    6.00389189,
    33.49796277,
    3.36782779,
    269.42622319,
    0.73945537,
    8.97156112,
    1.0,
    6.20844742,
    1.0,
    11.59356344,
    2.9771474,
    3.35305557
  ],
  "subscore_coefficients": [
    [
      -0.48315603,
      -0.83670966,
      -0.07042427,
      -0.07042427,
      -0.04798849,
      -0.00138654,
      0.0,
      0.02461193,
      0.0,
      -0.00250288,
      0.00562373,
      -0.12842499
    ],
    [
      2.1e-07,
      4.4e-06,
      -0.01942202,
      -0.01942202,
      -0.04620419,
      0.2242718,
      0.0,
      0.09029809,
      0.0,
      0.01854681,
      0.00595845,
      1.348e-05
    ],
    [
      -0.03736313,
      2.369e-05,
      -0.33062678,
      -0.33062678,
      -0.04627444,
      -5.142e-05,
      0.0,
      7.502e-05,
      0.0,
      -7.753e-05,
      0.00614154,
      -0.00030119
    ],
    [
      1.035e-05,
      1.354e-05,
      -0.01403175,
      -0.01403175,
      -1.01669227,
      -5.17e-06,
      0.0,
      -1.35e-05,
      0.0,
      0.0231624,
      0.00748849,
      1.822e-05
    ],
    [
      0.14002291,
      0.26825698,
      0.00082552,
      0.00082552,
      -0.01091167,
      0.00989155,
      0.0,
      -0.02666763,
      0.0,
      1.52303576,
      1.12155448,
      0.14927155
    ]
  ],
  "subscore_bias": [
    0.12871445,
    0.41317746,
    0.81474619,
    0.12051241,
    -2.28282048
  ],
  "training_rows": 987,
  "loss": {
    "name": "mse_on_pseudo_score_logits",
    "value": 21.17708137
  }
}