model,status,evaluation_routes,evaluation_groups,time_score_rmse,time_score_mae,time_score_pearson,time_score_spearman,comfort_score_rmse,comfort_score_mae,comfort_score_pearson,comfort_score_spearman,walk_score_rmse,walk_score_mae,walk_score_pearson,walk_score_spearman,transfer_score_rmse,transfer_score_mae,transfer_score_pearson,transfer_score_spearman,reliability_score_rmse,reliability_score_mae,reliability_score_pearson,reliability_score_spearman,macro_rmse,recommend_score_rmse,recommend_score_mae,top1_agreement,ndcg_at_5,balanced_recommend_score_rmse,comfort_recommend_score_rmse,fastest_recommend_score_rmse,less_transfer_recommend_score_rmse,less_walking_recommend_score_rmse
linear,ok,2000,200,11.876128,9.534235,0.74876,0.768426,5.734916,4.664755,0.781478,0.75534,9.579038,7.64594,0.742598,0.789039,21.365466,18.58345,0.812586,0.764927,10.248491,9.99883,0.88056,0.805935,11.760808,7.527994,5.85643,0.701,0.992142,5.949343,4.219476,8.097613,10.910719,6.748307
xgboost,ok,2000,200,10.566338,8.472435,0.801396,0.786852,5.606238,4.60065,0.799957,0.762129,8.612975,6.148745,0.808292,0.817947,5.305766,3.83497,0.956478,0.839098,1.598273,1.329185,0.925082,0.850947,6.337918,5.280631,4.090713,0.719,0.992682,4.545544,3.746991,7.005602,4.578869,5.888882
tabpfn,ok,2000,200,10.635009,8.665065,0.794772,0.777112,5.671246,4.58666,0.787168,0.749009,8.556062,6.05165,0.797766,0.803607,5.161465,3.825615,0.955481,0.828656,1.427682,1.123715,0.931002,0.860292,6.290293,5.363974,4.15842,0.718,0.99081,4.652223,3.812279,7.111472,4.61293,5.986007
