{
  "model_version": "0.1.0",
  "architecture": "12_feature_normalizer_plus_5_linear_sigmoid_heads",
  "feature_names": [
    "eta_minutes",
    "ride_time_minutes",
    "walk_time_minutes",
    "walk_distance_meters",
    "transfer_count",
    "load_score",
    "history_flow_score",
    "congestion_score",
    "data_freshness_seconds",
    "monitored_score",
    "completeness_score",
    "avg_service_frequency_minutes"
  ],
  "score_names": [
    "time_score",
    "comfort_score",
    "walk_score",
    "transfer_score",
    "reliability_score"
  ],
  "mean": [
    19.53072941,
    94.58500716,
    5.87346395,
    469.87711593,
    0.93673197,
    98.67936633,
    45.0,
    59.85046637,
    65244.04310023,
    88.83556236,
    79.27078912,
    12.5130913
  ],
  "std": [
    11.28761894,
    52.896741,
    0.48688883,
    38.95110615,
    0.24344441,
    6.15426167,
    1.0,
    6.90044873,
    28.04469372,
    12.42844613,
    5.95131169,
    4.98202129
  ],
  "subscore_coefficients": [
    [
      -0.33984937,
      -0.58471044,
      -0.01519043,
      -0.01519043,
      -0.01519043,
      -0.01266598,
      0.0,
      0.04512417,
      0.01156069,
      -0.04531322,
      -0.00786063,
      -0.04855554
    ],
    [
      -0.01448249,
      -0.02981992,
      -0.00366171,
      -0.00366171,
      -0.00366171,
      0.21606026,
      0.0,
      0.31182176,
      -0.00117294,
      0.18347084,
      -0.0357664,
      0.00866652
    ],
    [
      0.00233549,
      0.11623767,
      -0.11067492,
      -0.11067492,
      -0.11067492,
      -0.00813714,
      0.0,
      -0.00861053,
      -0.00821057,
      0.00121962,
      0.00501828,
      -0.00818152
    ],
    [
      0.00093797,
      0.04668322,
      -0.67636637,
      -0.67636637,
      -0.67636637,
      -0.00326807,
      0.0,
      -0.00345815,
      -0.00329749,
      0.00048978,
      0.00201532,
      -0.00328585
    ],
    [
      -0.00015471,
      0.00016295,
      8.693e-05,
      8.693e-05,
      8.693e-05,
      0.00020382,
      0.0,
      -0.00015903,
      -0.00062784,
      0.16603124,
      0.13530385,
      -8.2e-07
    ]
  ],
  "subscore_bias": [
    0.20832751,
    1.12187651,
    1.18093243,
    1.45238928,
    1.15448948
  ],
  "training_rows": 20263,
  "loss": {
    "name": "mse_on_pseudo_score_logits",
    "value": 54.42303681
  }
}
